,manufacturer_name,transmission,color,odometer_value,year_produced,engine_fuel,engine_type,engine_capacity,body_type,has_warranty,ownership,type_of_drive,is_exchangeable,number_of_photos,number_of_maintenance,duration_listed,price_usd
296,Skoda,automatic,brown,0,2019,gasoline,gasoline,1.6,sedan,True,new,front,True,15,1,1,16401.88
385,Skoda,automatic,brown,0,2019,gasoline,gasoline,1.8,sedan,True,new,front,True,15,1,2,27166.37
411,Skoda,automatic,white,0,2019,gasoline,gasoline,1.8,sedan,True,new,front,True,15,12,26,24440.86
419,Skoda,manual,white,0,2019,gasoline,gasoline,1.6,sedan,True,new,front,True,15,1,1,15473.3
551,Skoda,manual,blue,0,2019,gasoline,gasoline,1.4,sedan,True,new,front,True,15,2,3,27071.99
561,Skoda,manual,other,0,2019,gasoline,gasoline,1.6,sedan,True,new,front,True,15,13,26,18226.31
612,Skoda,automatic,brown,0,2019,gasoline,gasoline,1.8,sedan,True,new,front,True,15,1,1,27341.36
614,Skoda,automatic,blue,0,2019,gasoline,gasoline,1.4,sedan,True,new,front,True,15,1,2,23890.26
742,Skoda,automatic,grey,0,2019,gasoline,gasoline,1.6,sedan,True,new,front,True,15,10,26,20432.5
765,Skoda,automatic,blue,0,2019,gasoline,gasoline,1.6,sedan,True,new,front,True,15,13,26,26139.62
1065,Skoda,automatic,other,0,2019,gasoline,gasoline,1.8,sedan,True,new,front,True,15,1,2,24919.38
1221,Hyundai,automatic,brown,0,2019,diesel,diesel,2.0,suv,False,new,all,False,7,10,12,32090.0
1230,Skoda,automatic,silver,0,2019,gasoline,gasoline,2.0,suv,True,new,all,True,15,12,26,38222.99
1262,Skoda,automatic,blue,0,2019,gasoline,gasoline,2.0,suv,True,new,all,True,15,2,3,37763.92
1282,Skoda,automatic,black,0,2019,gasoline,gasoline,1.4,sedan,True,new,front,True,15,1,2,23892.16
1354,Skoda,automatic,black,0,2019,gasoline,gasoline,1.6,sedan,True,new,front,True,15,11,26,20077.3
1510,Skoda,manual,blue,0,2019,gasoline,gasoline,1.6,sedan,True,new,front,True,15,2,3,14544.72
1674,Skoda,manual,blue,0,2019,gasoline,gasoline,1.6,sedan,True,new,front,True,15,1,2,14746.28
1682,Skoda,manual,brown,0,2019,gasoline,gasoline,1.6,sedan,True,new,front,True,15,2,3,17863.5
1949,Skoda,automatic,silver,0,2019,gasoline,gasoline,1.4,sedan,True,new,front,True,15,1,2,19189.98
1953,Skoda,automatic,brown,0,2019,gasoline,gasoline,2.0,suv,True,new,all,True,15,11,25,38222.99
1960,Skoda,manual,black,0,2019,gasoline,gasoline,1.4,sedan,True,new,front,True,15,11,25,25848.9
2227,Skoda,automatic,black,0,2019,gasoline,gasoline,2.0,sedan,True,new,front,True,15,1,0,32191.98
2279,Skoda,automatic,brown,0,2019,gasoline,gasoline,1.4,suv,True,new,front,True,15,10,26,26981.41
2314,Skoda,automatic,green,0,2019,gasoline,gasoline,1.4,sedan,True,new,front,True,15,1,2,23826.71
2388,Mercedes-Benz,automatic,silver,0,2019,gasoline,gasoline,1.3,sedan,False,new,front,False,13,2,3,34228.29
2397,Nissan,automatic,white,0,2019,gasoline,gasoline,2.0,suv,True,new,all,True,1,48,83,28200.0
2501,Skoda,automatic,blue,0,2019,gasoline,gasoline,1.8,sedan,True,new,front,True,15,1,2,27595.56
2662,Skoda,automatic,blue,0,2019,gasoline,gasoline,1.6,sedan,True,new,front,True,15,1,1,16401.88
2792,Fiat,manual,white,0,2019,diesel,diesel,1.6,van,False,new,front,True,16,162,385,21351.41
2869,Skoda,manual,white,0,2019,gasoline,gasoline,1.6,sedan,True,new,front,True,15,2,3,16954.38
2925,Chery,automatic,white,0,2019,gasoline,gasoline,2.0,suv,False,new,front,False,17,3,19,16077.02
3036,Ford,automatic,blue,0,2018,gasoline,gasoline,1.5,suv,True,new,all,True,13,6,27,23000.0
3126,Skoda,automatic,brown,0,2019,gasoline,gasoline,1.4,sedan,True,new,front,True,15,2,2,17490.75
3206,Skoda,manual,blue,0,2019,gasoline,gasoline,1.6,sedan,True,new,front,True,15,1,2,14544.72
3233,Skoda,automatic,blue,0,2019,gasoline,gasoline,1.4,sedan,True,new,front,True,15,1,2,18499.0
3328,Skoda,manual,other,0,2019,gasoline,gasoline,1.6,sedan,True,new,front,True,15,1,1,15227.64
3350,Skoda,manual,black,0,2019,gasoline,gasoline,1.6,sedan,True,new,front,True,15,2,3,14200.42
3370,Skoda,automatic,silver,0,2019,gasoline,gasoline,1.6,sedan,True,new,front,True,15,12,26,18965.66
3377,Mercedes-Benz,automatic,red,0,2019,gasoline,gasoline,1.3,hatchback,False,new,front,False,8,3,4,32900.0
3417,Skoda,automatic,black,0,2019,gasoline,gasoline,1.4,sedan,True,new,front,True,15,1,2,23471.5
3432,Skoda,automatic,blue,0,2019,gasoline,gasoline,1.8,sedan,True,new,front,True,15,1,2,24982.45
3481,Skoda,automatic,black,0,2019,gasoline,gasoline,1.4,sedan,True,new,front,True,15,2,3,17490.75
3514,Skoda,automatic,white,0,2019,diesel,diesel,2.0,suv,True,new,all,True,15,10,26,35174.51
3593,Skoda,automatic,other,0,2019,gasoline,gasoline,1.6,sedan,True,new,front,True,15,2,3,16788.39
3841,Skoda,manual,green,0,2019,gasoline,gasoline,1.4,suv,True,new,front,True,15,1,2,25072.09
3860,Skoda,manual,brown,0,2019,gasoline,gasoline,1.6,sedan,True,new,front,True,15,2,3,14746.28
3885,Skoda,automatic,black,0,2019,gasoline,gasoline,2.0,suv,True,new,all,True,15,2,3,36329.32
3897,Infiniti,automatic,black,0,2019,gasoline,gasoline,2.0,suv,False,new,all,False,11,12,227,47000.0
3948,Hyundai,automatic,black,0,2019,gasoline,gasoline,2.0,universal,False,new,all,False,1,1,16,23717.16
3981,Skoda,automatic,red,0,2019,gasoline,gasoline,1.6,sedan,True,new,front,True,15,2,3,16679.31
3987,Skoda,automatic,other,0,2019,gasoline,gasoline,2.0,suv,True,new,all,True,15,9,25,39272.5
4030,Skoda,manual,brown,0,2019,gasoline,gasoline,1.4,sedan,True,new,front,True,15,12,26,25673.91
4112,Skoda,automatic,silver,0,2019,gasoline,gasoline,2.0,suv,True,new,all,True,15,13,26,37816.08
4153,Skoda,automatic,green,0,2019,diesel,diesel,2.0,suv,True,new,all,True,15,12,26,38829.08
4444,Skoda,manual,brown,0,2019,gasoline,gasoline,1.6,sedan,True,new,front,True,15,16,31,16179.93
4605,Skoda,automatic,grey,0,2019,gasoline,gasoline,1.8,sedan,True,new,front,True,15,1,2,27166.37
4746,Skoda,automatic,blue,0,2019,gasoline,gasoline,1.4,sedan,True,new,front,True,15,1,1,23824.81
4838,Skoda,automatic,white,0,2019,gasoline,gasoline,1.6,sedan,True,new,front,True,15,2,3,18759.37
4840,Skoda,automatic,grey,0,2019,gasoline,gasoline,2.0,suv,True,new,all,True,15,12,26,36271.46
4855,Skoda,manual,blue,0,2019,gasoline,gasoline,1.6,sedan,True,new,front,True,15,1,2,15446.74
4956,Skoda,automatic,other,0,2019,gasoline,gasoline,1.4,sedan,True,new,front,True,15,2,3,17945.56
4979,Skoda,manual,black,0,2019,gasoline,gasoline,1.6,sedan,True,new,front,True,15,1,1,15228.59
5052,Skoda,automatic,silver,0,2019,diesel,diesel,2.0,suv,True,new,all,True,15,12,26,38638.91
5095,Mercedes-Benz,automatic,black,0,2019,gasoline,gasoline,1.6,suv,False,new,front,False,8,3,4,31500.0
5184,Skoda,manual,grey,0,2019,gasoline,gasoline,1.6,sedan,True,new,front,True,15,11,26,19736.79
5305,Hyundai,automatic,white,0,2019,diesel,diesel,2.0,suv,False,new,all,False,8,42,46,27900.0
5429,Skoda,manual,other,0,2019,gasoline,gasoline,1.4,suv,True,new,front,True,15,15,31,28136.68
5528,Skoda,manual,silver,0,2019,gasoline,gasoline,1.6,sedan,True,new,front,True,15,2,3,16623.83
5553,Hyundai,automatic,black,0,2018,gasoline,gasoline,1.6,suv,False,new,all,False,1,1,16,30304.47
5716,Mazda,automatic,grey,0,2019,gasoline,gasoline,2.5,suv,True,new,all,True,1,42,83,35200.0
5742,LADA,manual,white,0,2019,gas,gasoline,1.6,sedan,False,new,front,False,15,10,156,12150.0
5832,Jeep,manual,grey,0,2016,diesel,diesel,2.8,suv,False,new,all,False,4,94,252,43000.0
6006,Skoda,automatic,black,0,2019,gasoline,gasoline,1.6,sedan,True,new,front,True,15,12,26,18487.62
6064,Skoda,automatic,grey,0,2019,gasoline,gasoline,1.8,sedan,True,new,front,True,15,1,2,24919.38
6143,Skoda,automatic,brown,0,2019,gasoline,gasoline,1.4,suv,True,new,all,True,15,12,26,32942.24
6229,Skoda,automatic,brown,0,2019,diesel,diesel,2.0,suv,True,new,all,True,15,12,26,33893.58
6258,Skoda,manual,brown,0,2019,gasoline,gasoline,1.6,sedan,True,new,front,True,15,1,2,14544.72
6657,Skoda,manual,other,0,2019,gasoline,gasoline,1.6,sedan,True,new,front,True,15,1,1,14544.72
6733,Skoda,manual,other,0,2019,gasoline,gasoline,1.6,sedan,True,new,front,True,15,1,2,14746.28
6797,Skoda,automatic,blue,0,2019,gasoline,gasoline,2.0,suv,True,new,all,True,15,12,26,35957.98
6923,Kia,automatic,brown,0,2019,gasoline,gasoline,1.6,sedan,False,new,front,True,15,182,412,15166.46
6977,Skoda,automatic,white,0,2019,gasoline,gasoline,1.4,suv,True,new,front,True,15,1,2,26630.47
7143,Skoda,automatic,blue,0,2019,gasoline,gasoline,2.0,suv,True,new,all,True,15,12,26,39288.15
7248,Skoda,automatic,white,0,2019,gasoline,gasoline,2.0,suv,True,new,all,True,15,11,25,36718.68
7296,Skoda,manual,other,0,2019,gasoline,gasoline,1.6,sedan,True,new,front,True,15,2,3,16164.75
7349,Skoda,manual,black,0,2019,gasoline,gasoline,1.6,sedan,True,new,front,True,15,11,26,14746.28
7389,LADA,manual,red,0,2019,gasoline,gasoline,1.6,liftback,False,new,front,False,20,19,35,7806.13
7469,Skoda,automatic,brown,0,2019,gasoline,gasoline,2.0,suv,True,new,all,True,15,10,26,35713.26
7470,Skoda,automatic,brown,0,2019,gasoline,gasoline,1.6,sedan,True,new,front,True,15,12,26,16521.39
7490,Skoda,automatic,black,0,2019,gasoline,gasoline,2.0,suv,True,new,all,True,15,1,2,35713.26
7512,Skoda,automatic,grey,0,2019,gasoline,gasoline,2.0,suv,True,new,all,True,15,1,1,37126.53
7672,Skoda,manual,red,0,2019,gasoline,gasoline,1.6,sedan,True,new,front,True,15,1,2,16127.29
7709,Skoda,automatic,silver,0,2019,gasoline,gasoline,1.8,sedan,True,new,front,True,15,1,2,27595.56
7904,Skoda,automatic,green,0,2019,diesel,diesel,2.0,suv,True,new,all,True,15,12,26,34782.32
7921,Mini,automatic,orange,0,2019,gasoline,gasoline,1.5,hatchback,False,new,front,False,25,40,52,31807.0
8120,Skoda,automatic,brown,0,2019,gasoline,gasoline,1.8,sedan,True,new,front,True,15,1,2,24629.61
8254,Skoda,automatic,black,0,2019,gasoline,gasoline,2.0,suv,True,new,all,True,15,10,26,34789.43
8304,Skoda,manual,other,0,2019,gasoline,gasoline,1.6,sedan,True,new,front,True,15,2,2,16924.03
8344,Skoda,manual,silver,0,2019,gasoline,gasoline,1.6,sedan,True,new,front,True,15,12,26,17826.52
8393,Skoda,automatic,white,0,2019,diesel,diesel,2.0,suv,True,new,all,True,15,1,2,34998.58
8582,Skoda,manual,white,0,2019,gasoline,gasoline,1.6,sedan,True,new,front,True,15,1,1,15009.49
8687,Kia,automatic,blue,0,2019,gasoline,gasoline,2.0,suv,False,new,front,True,12,182,412,25395.0
8700,Skoda,automatic,brown,0,2019,diesel,diesel,2.0,suv,True,new,all,True,15,12,26,39178.6
8746,Skoda,automatic,silver,0,2019,gasoline,gasoline,1.6,sedan,True,new,front,True,15,2,3,18487.62
8814,Geely,automatic,white,0,2019,gasoline,gasoline,1.8,suv,False,new,all,False,5,20,143,22479.37
8829,Skoda,automatic,brown,0,2019,gasoline,gasoline,1.6,sedan,True,new,front,True,15,2,3,16401.88
8832,Skoda,manual,red,0,2019,gasoline,gasoline,1.6,sedan,True,new,front,True,15,1,0,16788.86
8895,Skoda,manual,brown,0,2019,gasoline,gasoline,1.6,sedan,True,new,front,True,15,12,26,17860.66
8982,Skoda,manual,green,0,2019,gasoline,gasoline,1.6,sedan,True,new,front,True,15,12,26,17514.93
8990,Fiat,manual,white,0,2019,diesel,diesel,1.3,van,False,new,front,True,14,356,839,19480.41
9011,Nissan,automatic,black,0,2019,gasoline,gasoline,2.0,suv,True,new,all,True,1,48,83,29200.0
9016,Skoda,manual,brown,0,2019,gasoline,gasoline,1.4,sedan,True,new,front,True,15,1,2,22648.2
9230,Skoda,manual,black,0,2019,gasoline,gasoline,1.6,sedan,True,new,front,True,15,11,26,15228.59
9554,Skoda,manual,red,0,2019,gasoline,gasoline,1.6,sedan,True,new,front,True,15,12,26,16052.83
9577,Fiat,manual,white,0,2019,diesel,diesel,1.3,van,False,new,front,True,13,355,839,22770.07
9657,Skoda,automatic,red,0,2019,gasoline,gasoline,1.6,sedan,True,new,front,True,15,2,3,18776.43
9723,Skoda,manual,brown,0,2019,gasoline,gasoline,1.6,sedan,True,new,front,True,15,11,26,14746.28
9813,Skoda,automatic,brown,0,2019,gasoline,gasoline,1.6,sedan,True,new,front,True,15,2,3,16105.47
9843,Skoda,automatic,red,0,2019,gasoline,gasoline,1.4,sedan,True,new,front,True,15,1,2,18389.45
9887,Skoda,manual,white,0,2019,gasoline,gasoline,1.6,sedan,True,new,front,True,15,1,2,13942.43
9999,Hyundai,automatic,brown,0,2019,gasoline,gasoline,2.4,suv,True,new,all,True,6,12,33,42000.0
10151,Skoda,automatic,other,0,2019,diesel,diesel,2.0,suv,True,new,all,True,15,11,26,38653.61
10156,Skoda,manual,other,0,2019,gasoline,gasoline,1.6,sedan,True,new,front,True,15,1,2,19736.32
10263,Skoda,automatic,brown,0,2019,gasoline,gasoline,2.0,suv,True,new,all,True,15,12,26,39278.67
10450,Skoda,manual,green,0,2019,gasoline,gasoline,1.4,sedan,True,new,front,True,15,12,26,25977.9
10534,Skoda,manual,grey,0,2019,gasoline,gasoline,1.4,sedan,True,new,front,True,15,12,26,25857.92
10818,Skoda,automatic,brown,0,2019,gasoline,gasoline,1.4,sedan,True,new,front,True,15,1,2,25893.48
10971,Skoda,automatic,silver,0,2019,gasoline,gasoline,2.0,suv,True,new,all,True,15,11,26,35055.49
11118,Skoda,manual,silver,0,2019,gasoline,gasoline,1.6,sedan,True,new,front,True,15,1,1,14544.72
11119,Skoda,automatic,blue,0,2019,diesel,diesel,2.0,suv,True,new,all,True,15,12,26,41850.99
11133,Skoda,automatic,brown,0,2019,diesel,diesel,2.0,suv,True,new,all,True,15,15,26,37102.82
11261,Skoda,manual,green,0,2019,gasoline,gasoline,1.6,sedan,True,new,front,True,15,12,26,21432.23
11279,Skoda,manual,black,0,2019,gasoline,gasoline,1.6,sedan,True,new,front,True,15,13,26,17862.56
11319,Skoda,automatic,black,0,2019,diesel,diesel,2.0,suv,True,new,all,True,15,1,2,39313.76
11332,Skoda,manual,white,0,2019,gasoline,gasoline,1.6,sedan,True,new,front,True,15,2,2,13942.43
11408,Skoda,automatic,silver,0,2019,gasoline,gasoline,1.4,suv,True,new,front,True,15,12,26,26811.63
11503,Mercedes-Benz,automatic,blue,0,2019,gasoline,gasoline,2.0,suv,False,new,all,False,17,45,68,49416.4
11561,Skoda,manual,white,0,2019,gasoline,gasoline,1.4,sedan,True,new,front,True,15,12,26,22087.64
11755,Geely,automatic,silver,0,2019,gasoline,gasoline,2.4,suv,False,new,front,False,6,2,14,21388.6
11831,Skoda,automatic,other,0,2019,gasoline,gasoline,2.0,suv,True,new,all,True,15,1,2,38226.79
11943,Volkswagen,manual,white,0,2019,gasoline,gasoline,1.6,sedan,False,new,front,False,5,718,1221,11239.68
12262,Skoda,automatic,green,0,2019,gasoline,gasoline,1.4,suv,True,new,all,True,15,12,26,36080.33
12284,Skoda,automatic,white,0,2019,diesel,diesel,2.0,suv,True,new,all,True,15,1,2,34074.74
12303,Skoda,automatic,blue,0,2019,gasoline,gasoline,1.4,sedan,True,new,front,True,15,2,3,18499.0
12684,Skoda,automatic,blue,0,2019,gasoline,gasoline,1.6,sedan,True,new,front,True,15,14,31,16401.88
12710,Skoda,automatic,silver,0,2019,gasoline,gasoline,2.0,suv,True,new,all,True,15,12,26,38223.47
12755,Ford,automatic,black,0,2019,diesel,diesel,2.0,pickup,False,new,all,False,5,10,185,33000.0
12836,Skoda,manual,white,0,2019,gasoline,gasoline,1.6,sedan,True,new,front,True,15,11,25,21065.64
12896,Skoda,automatic,other,0,2019,gasoline,gasoline,1.4,sedan,True,new,front,True,15,1,2,25893.48
13043,Hyundai,automatic,black,0,2019,diesel,diesel,2.0,suv,False,new,all,False,6,16,20,31900.0
13084,BMW,automatic,blue,0,2019,gasoline,gasoline,2.0,suv,False,new,all,False,14,26,40,47325.28
13273,Skoda,automatic,silver,0,2019,gasoline,gasoline,1.4,sedan,True,new,front,True,15,1,2,23536.94
13291,Skoda,automatic,brown,0,2019,gasoline,gasoline,1.6,sedan,True,new,front,True,15,11,26,18487.62
13331,Skoda,manual,other,0,2019,gasoline,gasoline,1.6,sedan,True,new,front,True,15,12,26,18839.04
13392,Skoda,manual,blue,0,2019,gasoline,gasoline,1.6,sedan,True,new,front,True,15,2,3,14746.28
13680,Toyota,automatic,white,0,2017,gasoline,gasoline,1.8,sedan,False,new,front,True,20,3,40,15000.0
13706,Skoda,manual,black,0,2019,gasoline,gasoline,1.6,sedan,True,new,front,True,15,1,2,14746.28
13964,Skoda,automatic,blue,0,2019,gasoline,gasoline,1.6,sedan,True,new,front,True,15,2,3,18487.62
14164,Skoda,automatic,silver,0,2019,gasoline,gasoline,1.4,suv,True,new,front,True,15,12,26,27410.13
14194,Skoda,manual,brown,0,2019,gasoline,gasoline,1.6,sedan,True,new,front,True,15,12,26,17767.71
14417,Skoda,automatic,other,0,2019,diesel,diesel,2.0,suv,True,new,all,True,15,12,26,38646.01
14624,Skoda,manual,black,0,2019,gasoline,gasoline,1.6,sedan,True,new,front,True,15,1,2,14544.72
14653,Skoda,automatic,brown,0,2019,gasoline,gasoline,2.0,suv,True,new,all,True,15,12,26,39288.15
14679,Mercedes-Benz,automatic,white,0,2019,gasoline,gasoline,1.3,sedan,False,new,front,False,9,1,0,35500.0
14717,Skoda,automatic,blue,0,2019,gasoline,gasoline,1.4,suv,True,new,front,True,15,1,2,27410.6
14794,Skoda,manual,green,0,2019,gasoline,gasoline,1.6,sedan,True,new,front,True,15,12,26,16647.06
14799,Skoda,automatic,red,0,2019,gasoline,gasoline,1.6,sedan,True,new,front,True,15,1,1,16679.79
15017,Hyundai,automatic,black,0,2019,diesel,diesel,2.2,suv,True,new,all,True,12,49,83,45900.0
15087,Skoda,manual,grey,0,2019,gasoline,gasoline,1.4,sedan,True,new,front,True,15,11,26,27132.22
15100,Hyundai,automatic,black,0,2019,gasoline,gasoline,2.0,suv,True,new,all,True,9,48,83,31400.0
15112,Mini,automatic,grey,0,2018,gasoline,gasoline,1.5,suv,False,new,all,False,28,53,66,39456.08
15238,Skoda,manual,other,0,2019,gasoline,gasoline,1.6,sedan,True,new,front,True,15,12,26,15976.48
15252,Skoda,automatic,brown,0,2019,gasoline,gasoline,1.6,sedan,True,new,front,True,15,1,2,20318.68
15359,Skoda,manual,blue,0,2019,gasoline,gasoline,1.6,sedan,True,new,front,True,15,1,1,16236.84
15483,Skoda,automatic,blue,0,2019,gasoline,gasoline,2.0,suv,True,new,all,True,15,12,26,38964.24
15732,Skoda,automatic,brown,0,2019,diesel,diesel,2.0,suv,True,new,all,True,15,2,3,38186.47
15737,Skoda,automatic,black,0,2019,gasoline,gasoline,1.4,sedan,True,new,front,True,15,1,2,17949.34
15802,Skoda,manual,silver,0,2019,gasoline,gasoline,1.6,sedan,True,new,front,True,15,2,3,14746.28
15826,Fiat,manual,silver,0,2019,diesel,diesel,1.3,universal,False,new,front,True,10,356,839,22636.9
16023,Mercedes-Benz,automatic,black,0,2019,gasoline,gasoline,2.0,sedan,False,new,all,False,25,138,213,48976.16
16053,Skoda,automatic,silver,0,2019,gasoline,gasoline,1.4,suv,True,new,front,True,15,11,26,27689.46
16151,Skoda,automatic,blue,0,2019,gasoline,gasoline,2.0,sedan,True,new,front,True,15,1,0,44947.83
16314,Skoda,automatic,other,0,2019,gasoline,gasoline,1.6,sedan,True,new,front,True,15,1,2,16105.47
16353,Nissan,automatic,violet,0,2019,gasoline,gasoline,2.0,suv,True,new,front,True,1,48,83,25900.0
16391,Skoda,manual,white,0,2019,gasoline,gasoline,1.6,sedan,True,new,front,True,15,10,25,15946.13
16456,Skoda,automatic,brown,0,2019,gasoline,gasoline,1.6,liftback,False,new,front,False,5,21,34,12900.0
16485,Jeep,automatic,orange,0,2017,gasoline,gasoline,1.4,suv,False,new,all,True,12,354,839,37224.0
16504,Skoda,automatic,white,0,2019,gasoline,gasoline,1.6,sedan,True,new,front,True,15,1,2,18241.0
16511,Skoda,manual,blue,0,2019,gasoline,gasoline,1.4,sedan,True,new,front,True,15,12,26,22647.73
16833,Skoda,automatic,red,0,2019,gasoline,gasoline,1.4,sedan,True,new,front,True,15,2,3,17381.68
16938,Hyundai,automatic,blue,0,2019,gasoline,gasoline,2.0,suv,True,new,all,True,7,48,83,27990.0
16996,Skoda,automatic,white,0,2019,gasoline,gasoline,1.6,sedan,True,new,front,True,15,12,26,22476.52
17048,Skoda,manual,blue,0,2019,gasoline,gasoline,1.6,sedan,True,new,front,True,15,1,2,19736.32
17061,Skoda,automatic,brown,0,2019,diesel,diesel,2.0,suv,True,new,all,True,15,11,25,38829.08
17230,Skoda,manual,blue,0,2019,gasoline,gasoline,1.6,sedan,True,new,front,True,15,1,2,14964.91
17286,Skoda,automatic,blue,0,2019,gasoline,gasoline,2.0,suv,True,new,all,True,15,12,26,36258.66
17325,Skoda,automatic,blue,0,2019,gasoline,gasoline,1.6,sedan,True,new,front,True,15,1,2,17465.62
17417,Skoda,manual,blue,0,2019,gasoline,gasoline,1.6,sedan,True,new,front,True,15,13,26,18245.28
17675,Volkswagen,manual,black,0,2018,gasoline,gasoline,1.4,suv,True,new,front,True,10,1,1,19991.0
17743,Skoda,automatic,grey,0,2019,diesel,diesel,2.0,suv,True,new,all,True,15,1,2,37607.89
17764,Mercedes-Benz,automatic,white,0,2019,diesel,diesel,2.0,sedan,False,new,all,False,6,42,46,49500.0
17818,Skoda,manual,black,0,2019,gasoline,gasoline,1.6,sedan,True,new,front,True,15,2,3,14544.72
17820,Skoda,manual,white,0,2019,gasoline,gasoline,1.4,suv,True,new,front,True,15,12,26,24728.73
17824,Skoda,manual,brown,0,2019,gasoline,gasoline,1.6,sedan,True,new,front,True,15,12,26,14522.91
17952,Skoda,automatic,blue,0,2019,gasoline,gasoline,2.0,suv,True,new,all,True,15,11,26,36100.73
18078,Skoda,automatic,green,0,2019,gasoline,gasoline,1.4,sedan,True,new,front,True,15,1,1,26074.17
18207,Skoda,automatic,other,0,2019,gasoline,gasoline,2.0,suv,True,new,all,True,15,12,26,35053.12
18272,Skoda,automatic,silver,0,2019,gasoline,gasoline,1.6,sedan,True,new,front,True,15,2,3,16105.47
18305,Skoda,automatic,black,0,2019,gasoline,gasoline,1.6,sedan,True,new,front,True,15,2,3,18487.62
18560,Skoda,manual,blue,0,2019,gasoline,gasoline,1.4,suv,True,new,front,True,15,12,26,24478.8
18728,Skoda,automatic,brown,0,2019,diesel,diesel,2.0,suv,True,new,all,True,15,11,26,35823.76
18871,Skoda,automatic,silver,0,2019,gasoline,gasoline,1.8,sedan,True,new,front,True,15,1,1,27341.36
18956,Skoda,automatic,other,0,2019,gasoline,gasoline,1.4,sedan,True,new,front,True,15,1,2,17949.34
19013,Skoda,automatic,silver,0,2019,gasoline,gasoline,2.0,suv,True,new,all,True,15,10,25,36443.14
19031,Skoda,automatic,brown,0,2019,gasoline,gasoline,1.4,suv,True,new,front,True,15,11,26,27689.46
19130,Skoda,manual,other,0,2019,gasoline,gasoline,1.4,sedan,True,new,front,True,15,1,2,25371.81
19191,Skoda,automatic,green,0,2019,gasoline,gasoline,2.0,suv,True,new,all,True,15,13,26,41410.89
19207,Skoda,manual,blue,0,2019,gasoline,gasoline,1.4,sedan,True,new,front,True,15,1,1,22713.65
19259,Skoda,manual,silver,0,2019,gasoline,gasoline,1.6,sedan,True,new,front,True,15,1,1,17862.56
19308,Skoda,automatic,black,0,2019,gasoline,gasoline,1.4,sedan,True,new,front,True,15,2,3,17949.34
19315,Skoda,manual,silver,0,2019,gasoline,gasoline,1.6,sedan,True,new,front,True,15,1,2,14746.28
19473,Skoda,automatic,white,0,2019,gasoline,gasoline,1.4,sedan,True,new,front,True,15,1,2,18943.37
19484,BMW,automatic,grey,0,2019,diesel,diesel,2.0,sedan,False,new,all,False,15,26,39,46885.05
19774,Skoda,automatic,silver,0,2019,gasoline,gasoline,1.4,sedan,True,new,front,True,15,1,1,19189.98
19835,Skoda,manual,silver,0,2019,gasoline,gasoline,1.4,suv,True,new,front,True,15,13,26,25387.94
19937,Skoda,automatic,silver,0,2019,diesel,diesel,2.0,suv,True,new,all,True,15,12,26,34425.69
20035,Skoda,automatic,black,0,2019,gasoline,gasoline,2.0,suv,True,new,all,True,15,11,25,38223.47
20138,Skoda,automatic,other,0,2019,gasoline,gasoline,1.6,sedan,True,new,front,True,15,2,3,16788.86
20178,Skoda,automatic,green,0,2019,gasoline,gasoline,1.4,suv,True,new,all,True,15,1,1,31786.97
20326,LADA,manual,red,0,2019,gasoline,gasoline,1.6,universal,False,new,front,False,16,31,56,12804.7
20461,Skoda,automatic,blue,0,2019,gasoline,gasoline,1.4,sedan,True,new,front,True,15,2,3,17949.34
20531,Skoda,automatic,other,0,2019,gasoline,gasoline,2.0,suv,True,new,all,True,15,12,26,39288.15
20669,Skoda,automatic,green,0,2019,gasoline,gasoline,2.0,suv,True,new,all,True,15,11,26,39272.5
20711,Skoda,automatic,red,0,2019,gasoline,gasoline,1.4,sedan,False,new,front,False,7,153,165,16800.0
20819,Skoda,automatic,grey,0,2019,gasoline,gasoline,2.0,sedan,True,new,front,True,15,1,0,36663.66
20970,Skoda,automatic,red,0,2019,gasoline,gasoline,1.6,sedan,True,new,front,True,15,2,3,17688.04
21254,Skoda,manual,silver,0,2019,gasoline,gasoline,1.6,sedan,True,new,front,True,15,1,2,14544.72
21325,Geely,automatic,white,0,2019,gasoline,gasoline,2.0,suv,False,new,front,False,2,2,12,15887.32
21334,Skoda,automatic,white,0,2019,gasoline,gasoline,2.0,suv,True,new,all,True,15,12,26,38928.67
21337,Skoda,automatic,silver,0,2019,gasoline,gasoline,2.0,suv,True,new,all,True,15,12,26,39288.15
21366,Skoda,automatic,black,0,2019,gasoline,gasoline,2.0,suv,True,new,all,True,15,1,2,39990.51
21418,Skoda,manual,red,0,2019,gasoline,gasoline,1.6,sedan,True,new,front,True,15,2,3,17575.64
21466,Skoda,automatic,green,0,2019,gasoline,gasoline,2.0,suv,True,new,all,True,15,10,26,38226.79
21875,Skoda,automatic,silver,0,2019,gasoline,gasoline,2.0,sedan,True,new,front,True,15,1,0,32191.98
21934,Skoda,manual,brown,0,2019,gasoline,gasoline,1.6,sedan,True,new,front,True,15,2,3,16164.28
21940,Skoda,manual,grey,0,2019,gasoline,gasoline,1.4,sedan,True,new,front,True,15,13,26,26058.05
22024,Skoda,manual,green,0,2019,gasoline,gasoline,1.4,sedan,True,new,front,True,15,14,26,22564.26
22110,Skoda,automatic,brown,0,2019,gasoline,gasoline,2.0,suv,True,new,all,True,15,12,26,35053.12
22567,Skoda,manual,white,0,2019,gasoline,gasoline,1.6,sedan,True,new,front,True,15,12,26,20581.9
22748,Skoda,manual,other,0,2019,gasoline,gasoline,1.6,sedan,True,new,front,True,15,1,2,14544.72
22959,Skoda,automatic,blue,0,2019,gasoline,gasoline,1.6,sedan,True,new,front,True,15,11,26,18487.62
23054,Skoda,automatic,blue,0,2019,gasoline,gasoline,2.0,suv,True,new,all,True,15,12,26,39279.62
23130,Skoda,manual,blue,0,2019,gasoline,gasoline,1.6,sedan,True,new,front,True,15,2,3,15129.47
23157,Skoda,automatic,blue,0,2019,gasoline,gasoline,1.6,sedan,True,new,front,True,15,2,3,16603.43
23216,Skoda,automatic,blue,0,2019,diesel,diesel,2.0,suv,True,new,all,True,15,12,26,34817.41
23550,Skoda,automatic,white,0,2019,gasoline,gasoline,1.6,sedan,True,new,front,True,15,12,26,16382.43
23778,Skoda,manual,black,0,2019,gasoline,gasoline,1.4,sedan,True,new,front,True,15,12,26,21970.98
23893,Skoda,manual,white,0,2019,gasoline,gasoline,1.6,sedan,True,new,front,True,15,1,2,16679.79
23970,Mercedes-Benz,automatic,white,0,2019,gasoline,gasoline,1.3,sedan,False,new,front,False,21,7,11,36869.69
24069,Skoda,automatic,blue,0,2019,gasoline,gasoline,2.0,suv,True,new,all,True,15,1,2,40305.42
24241,Skoda,automatic,white,0,2019,gasoline,gasoline,1.6,sedan,True,new,front,True,15,1,1,16569.75
24252,Skoda,automatic,green,0,2019,gasoline,gasoline,2.0,suv,True,new,all,True,15,12,26,39978.66
24340,Skoda,automatic,black,0,2019,gasoline,gasoline,1.6,sedan,True,new,front,True,15,2,2,16401.88
24398,Skoda,automatic,green,0,2019,gasoline,gasoline,1.4,suv,True,new,front,True,15,12,26,37157.36
24574,Skoda,manual,black,0,2019,gasoline,gasoline,1.6,sedan,True,new,front,True,15,2,3,14746.28
24655,Skoda,manual,blue,0,2019,gasoline,gasoline,1.4,suv,True,new,front,True,15,13,26,27861.61
24978,Skoda,automatic,other,0,2019,gasoline,gasoline,1.4,sedan,True,new,front,True,15,1,2,17490.75
25065,Skoda,manual,silver,0,2019,gasoline,gasoline,1.6,sedan,True,new,front,True,15,2,3,16926.87
25268,Skoda,automatic,green,0,2019,gasoline,gasoline,2.0,suv,True,new,all,True,15,2,3,36439.82
25325,Skoda,automatic,silver,0,2019,gasoline,gasoline,1.4,suv,True,new,front,True,15,10,26,27410.6
25423,Skoda,manual,white,0,2019,gasoline,gasoline,1.6,sedan,True,new,front,True,15,1,2,14419.52
25718,Mercedes-Benz,automatic,black,0,2019,gasoline,gasoline,1.6,sedan,False,new,rear,False,19,10,14,38850.75
26008,Skoda,automatic,other,0,2019,gasoline,gasoline,1.4,sedan,True,new,front,True,15,12,26,17490.75
26217,Skoda,manual,other,0,2019,gasoline,gasoline,1.6,sedan,True,new,front,True,15,2,3,14746.28
26495,Skoda,automatic,red,0,2019,gasoline,gasoline,1.6,sedan,True,new,front,True,15,11,26,18776.43
26854,Skoda,automatic,black,0,2019,gasoline,gasoline,1.6,sedan,True,new,front,True,15,1,2,16105.47
26971,Skoda,automatic,silver,0,2019,gasoline,gasoline,1.4,sedan,True,new,front,True,15,1,2,26074.17
27029,Skoda,manual,red,0,2019,gasoline,gasoline,1.6,sedan,True,new,front,True,15,1,1,15118.56
27179,Skoda,automatic,other,0,2019,gasoline,gasoline,1.6,sedan,True,new,front,True,15,2,3,18487.62
27332,Skoda,automatic,other,0,2019,gasoline,gasoline,2.0,suv,True,new,all,True,15,12,26,39279.62
27445,Skoda,automatic,green,0,2019,gasoline,gasoline,1.4,suv,True,new,front,True,15,1,2,27412.98
27461,Fiat,manual,grey,0,2019,diesel,diesel,1.6,universal,False,new,front,False,15,331,781,27514.7
27481,Skoda,automatic,red,0,2019,gasoline,gasoline,1.4,sedan,True,new,front,True,15,1,1,19052.45
27605,Skoda,manual,blue,0,2019,gasoline,gasoline,1.6,sedan,True,new,front,True,15,11,26,17173.0
27862,Skoda,automatic,white,0,2019,gasoline,gasoline,1.4,sedan,True,new,front,True,15,1,2,19165.32
27976,Geely,manual,white,0,2019,gasoline,gasoline,2.0,suv,False,new,front,True,25,15,17,17800.0
28154,Skoda,automatic,grey,0,2019,diesel,diesel,2.0,suv,True,new,all,True,15,1,2,36880.39
28335,Skoda,automatic,grey,0,2019,diesel,diesel,2.0,suv,True,new,all,True,15,12,26,36860.48
28681,Skoda,automatic,silver,0,2019,diesel,diesel,2.0,suv,True,new,all,True,15,12,26,39228.4
28716,Skoda,manual,green,0,2019,gasoline,gasoline,1.4,suv,True,new,front,True,15,11,26,25072.56
28748,Skoda,automatic,brown,0,2019,gasoline,gasoline,1.8,sedan,True,new,front,True,15,1,1,24564.17
28863,Skoda,automatic,other,0,2019,gasoline,gasoline,1.4,suv,True,new,all,True,15,12,26,36080.33
28948,Skoda,manual,white,0,2019,gasoline,gasoline,1.6,sedan,True,new,front,True,15,12,26,17980.65
29038,Skoda,automatic,blue,0,2019,gasoline,gasoline,1.6,sedan,True,new,front,True,15,13,26,16455.93
29071,Skoda,manual,brown,0,2019,gasoline,gasoline,1.6,sedan,True,new,front,True,15,12,26,15976.48
29324,Skoda,manual,blue,0,2019,gasoline,gasoline,1.6,sedan,True,new,front,True,15,12,26,19724.93
29436,Skoda,automatic,grey,0,2019,gasoline,gasoline,2.0,suv,True,new,all,True,15,11,26,35055.49
29438,Skoda,automatic,blue,0,2019,gasoline,gasoline,1.6,sedan,True,new,front,True,15,2,3,18885.52
29462,Skoda,manual,brown,0,2019,gasoline,gasoline,1.6,sedan,True,new,front,True,15,1,2,14746.28
29550,Skoda,automatic,white,0,2019,gasoline,gasoline,1.4,sedan,True,new,front,True,15,1,2,17272.12
29795,Audi,automatic,white,0,2019,gasoline,gasoline,2.0,sedan,False,new,front,False,7,13,34,33310.4
30409,Skoda,automatic,other,0,2019,gasoline,gasoline,1.6,sedan,True,new,front,True,15,2,3,18140.0
30436,Skoda,automatic,black,0,2019,gasoline,gasoline,1.6,sedan,True,new,front,True,15,12,26,18582.47
30522,Skoda,automatic,blue,0,2019,gasoline,gasoline,1.4,sedan,True,new,front,True,15,1,2,17491.23
31344,Skoda,automatic,black,0,2019,gasoline,gasoline,2.0,sedan,True,new,front,True,15,1,0,33577.73
31605,Skoda,automatic,blue,0,2019,diesel,diesel,2.0,suv,True,new,all,True,15,12,26,35565.78
31657,Renault,manual,silver,0,2018,gasoline,gasoline,1.6,suv,False,new,front,False,9,1,7,9500.0
31924,Hyundai,automatic,orange,0,2019,gasoline,gasoline,1.6,sedan,False,new,front,False,1,1,16,16058.05
31981,Skoda,manual,green,0,2019,gasoline,gasoline,1.6,sedan,True,new,front,True,15,1,2,19381.11
32274,Kia,automatic,silver,0,2019,gasoline,gasoline,1.6,sedan,False,new,front,True,5,191,430,13987.95
33126,Skoda,manual,brown,0,2019,gasoline,gasoline,1.6,sedan,True,new,front,True,15,1,2,19381.11
33142,LADA,manual,silver,0,2019,gas,gasoline,1.6,sedan,False,new,front,False,24,27,140,13800.0
33283,Skoda,manual,brown,0,2019,gasoline,gasoline,1.6,sedan,True,new,front,True,15,2,3,15227.64
33330,Skoda,manual,white,0,2019,gasoline,gasoline,1.6,sedan,True,new,front,True,15,15,31,15556.77
33521,Kia,automatic,red,0,2019,gasoline,gasoline,1.2,hatchback,False,new,front,False,8,9,11,13900.0
33683,Skoda,automatic,other,0,2019,diesel,diesel,2.0,suv,True,new,all,True,15,12,26,34292.9
33718,Skoda,manual,white,0,2019,gasoline,gasoline,1.6,sedan,True,new,front,True,15,2,3,14365.93
33835,Skoda,manual,blue,0,2019,gasoline,gasoline,1.6,sedan,True,new,front,True,15,12,26,18260.93
34057,Jeep,automatic,orange,0,2017,gasoline,gasoline,1.4,suv,False,new,all,False,9,330,773,34900.0
34208,Skoda,automatic,black,0,2019,diesel,diesel,2.0,suv,True,new,all,True,15,1,2,36507.64
34327,Skoda,manual,blue,0,2019,gasoline,gasoline,1.6,sedan,True,new,front,True,15,12,26,18089.73
34340,Hyundai,automatic,grey,0,2019,gasoline,gasoline,1.6,universal,False,new,front,False,1,1,16,17136.96
34536,Skoda,automatic,silver,0,2019,gasoline,gasoline,1.4,suv,True,new,front,True,15,12,26,34909.89
34650,Skoda,automatic,green,0,2019,diesel,diesel,2.0,suv,True,new,all,True,15,12,26,34383.0
34726,Skoda,automatic,grey,0,2019,gasoline,gasoline,2.0,sedan,True,new,front,True,15,1,0,32191.98
34796,Skoda,automatic,brown,0,2019,gasoline,gasoline,1.4,sedan,True,new,front,True,15,1,2,19189.98
34845,Kia,automatic,black,0,2019,diesel,diesel,2.2,suv,True,new,all,True,11,49,83,44700.0
34872,Skoda,manual,red,0,2019,gasoline,gasoline,1.6,sedan,True,new,front,True,15,1,2,14855.35
35027,Skoda,automatic,white,0,2019,gasoline,gasoline,1.6,sedan,True,new,front,True,15,2,3,18667.36
35050,Skoda,automatic,silver,0,2019,diesel,diesel,2.0,suv,True,new,all,True,15,1,2,39686.51
35151,Skoda,automatic,green,0,2019,gasoline,gasoline,2.0,suv,True,new,all,True,15,14,26,40039.83
35279,LADA,manual,white,0,2019,gas,gasoline,1.6,sedan,False,new,front,False,6,2,27,12500.0
35323,Skoda,manual,white,0,2019,gasoline,gasoline,1.6,sedan,True,new,front,True,15,12,26,17608.37
35351,Skoda,automatic,blue,0,2019,diesel,diesel,2.0,suv,True,new,all,True,15,12,26,39228.87
35967,Hyundai,automatic,red,0,2019,gasoline,gasoline,2.0,sedan,False,new,front,False,1,1,16,21820.17
36051,Skoda,automatic,blue,0,2019,gasoline,gasoline,1.4,suv,True,new,front,True,15,10,26,27689.46
36170,Skoda,automatic,grey,0,2018,gasoline,gasoline,2.0,suv,False,new,all,False,3,111,427,34000.0
36209,Skoda,automatic,brown,0,2019,diesel,diesel,2.0,suv,True,new,all,True,14,51,83,37500.0
36634,Skoda,automatic,green,0,2019,diesel,diesel,2.0,suv,True,new,all,True,15,12,26,34598.79
36925,Skoda,automatic,black,0,2019,gasoline,gasoline,1.6,sedan,True,new,front,True,15,1,1,18487.62
37128,Skoda,automatic,brown,0,2019,gasoline,gasoline,2.0,suv,True,new,all,True,15,12,26,38223.47
37217,Skoda,manual,green,0,2019,gasoline,gasoline,1.6,sedan,True,new,front,True,15,12,26,17082.41
37281,Skoda,manual,brown,0,2019,gasoline,gasoline,1.6,sedan,True,new,front,True,15,2,3,14544.72
37551,Skoda,manual,red,0,2019,gasoline,gasoline,1.6,sedan,True,new,front,True,15,1,2,15337.66
37615,Skoda,automatic,green,0,2019,gasoline,gasoline,2.0,suv,True,new,all,True,15,1,2,34789.43
37961,Mini,automatic,silver,0,2019,gasoline,gasoline,1.5,hatchback,False,new,front,False,28,68,88,32907.58
38522,Skoda,automatic,green,0,2019,gasoline,gasoline,2.0,suv,True,new,all,True,15,11,26,34414.3
38546,Skoda,automatic,blue,0,2019,gasoline,gasoline,1.4,sedan,True,new,front,True,15,2,3,19587.88
38805,Skoda,automatic,white,0,2019,gasoline,gasoline,2.0,suv,True,new,all,True,15,12,26,38937.21
39024,Skoda,automatic,white,0,2019,gasoline,gasoline,2.0,suv,True,new,all,True,15,10,26,39954.47
39052,Skoda,automatic,black,0,2019,gasoline,gasoline,2.0,suv,True,new,all,True,15,12,26,38222.99
39109,BMW,automatic,blue,0,2019,diesel,diesel,2.0,sedan,True,new,all,True,26,6,11,47000.0
39439,Skoda,automatic,green,0,2019,gasoline,gasoline,2.0,suv,True,new,all,True,15,12,26,35405.48
